dagbani,english,word_class,etymology,example,voice,picture,,
ba,father; title of respect,n.,,,,,,
baa,dog; low marshy ground,n.,,male form: baaloyu,,,,
baachali,tale-bearing; gossiping,n.,,,,,,
baai,to put up shoots; to revive; to unlock,v.,,"saa baaya, it stopped raining",,,,
baayi,younger sibling (same sex),n.,,see tuzo,,,,
baasim,goodness; kindness; well-being,n.,,O mali baasim. He is well.,,,,
baaya,remainder; that which remains,n.,,"Di baaya, the remainder",,,,
baayanuwala,afterbirth (of animals),n.,,,,,,
babe,to be easy; to be cheap; to be thin; to be flexible,v.,,O diri din bala. He is eating luxuriously.,,,,
babga,bushbaby (Galago senegalensis),n.,,mabaga/mauwa,,,,
babra,to boil pito the second day; to complete a yam mound,v.,,,,,,
bachi,bottle,n.,English,,,,,
baduwa,afterbirth,n.,,,,,,
bagli,greenish-blue colour; measles; grass; creeping pea plant,n.,,,,,,
bagni,to entreat; to soothe; to lull to sleep,v.,,,,,,
bahi,to dismiss; to finish; to let go; to throw away; to miscarry; to lose; to stretch,v.,,Bia maa zan saafi maa bahi. The child lost the key.,,,,
bala,easy; cheap; few; thin; flexible,a.,,Bohigu dimbojo bala gari di kpee. This question is easier.,,,,
balbaliga,hollowed-out piece of wood beaten to frighten pests from fields,n.,,,,,,
balbu,variety; kind; species,n.,,,,,,
balee,how much less; how much more,adv.,,"N ka bua balee nahu. I haven't a goat, how much less a cow.",,,,
balgi,to be soft after being hard; to slack off; to improve in character; to be tamed,v.,,Tuma maa balgiya. The work has slackened.,,,,
baligri,slender; thin,a.,,,,,,
balim,slowly; quietly; carefully,adv.,,,,,,
balimbini,stink bug,n.,,,,,,
balimkpieyu,how much more,adv.,,"Payya so kaa ta, o bia yela balintee...",,,,
balnafu,Dagbamba gown with large long sleeves,n.,,,,,,
balsi,to stare at; to canter; to mount a person on a horse,v.,,,,,,
bam,natural odour of animals and people,n.,,,,,,
bam,palm wine,n.,,,,,,
bamda,to act to invoke pity; to move to pity; to chant to drum accompaniment; to make sham excuse,v.,,O bamda ka di mali nambofu. His actions are pitiful.,,,,
bambali,tributary of a river,n.,,,,,,
bambua,red-flanked duiker,n.,,male form: bambula'a,,,,
ban,those who; they; them; their,pron.,,,,,,
bana,those; these,pron.,,,,,,
banakansilnli,skink (lizard),n.,,"ED: banakansilnli, WD: baŋkalansil'nli",,,,
banandofu,large black scorpion,n.,,,,,,
banchi,cassava root,n.,Twi,,,,,
bandacheena,fifth month of the Dagomba year,p.n.,English,,,,,
bandi,shackle; leg iron,n.,,,,,,
bandoba,climbing plant used as purgative,n.,,,,,,
bandofu,male agama lizard,n.,,,,,,
banduɣirgu,bushy plants grown on fallow land; sorghum stalks placed as fence,n.,,,,,,
banga,agama lizard (female),n.,,,,,,
bangi,to recline; to lean; to eavesdrop; to mount another's back,v.,,,,,,
bangili,pregnancy in animals; mud,n.,,,,,,
bangu,soothsaying,n.,,,,,,
bani,"to grind (groundnuts, shea nuts or beans); to walk stealthily",v.,,Piringa bayisiri gulinyaana. The policeman is walking cautiously.,,,,
banka,bank (financial),n.,English,,,,,
bankali,winnowing basket,n.,,,,,,
bansim,knowledge; wisdom,n.,,,,,,
bapila,baldness on the front part of the head,n.,,,,,,
bara,to be in a certain condition; to be in need; to beg; to entreat,v.,,O bara la shɛli? What does he need?,,,,
baragu,begging; state of need,n.,,,,,,
barama,mud with which floors are smeared,n.,,,,,,
barambara,white man's court; council of elders,n.,English?,,,,,
bariga,mouse; rat,n.,,,,,,
barika,blessing; gift; thanks,n.,Hausa < Arabic,O niŋ ti alibarika. He blessed us.,,,,
barika,cola nut given by a bride's father to the groom,n.,Hausa,,,,,
barima,sesame seeds; beniseed,n.,,,,,,
barina,danger; peril,n.,Hausa,,,,,
barinam,one who causes danger; risky person,n.,,,,,,
barindi,to be in need; to be poor,v.,,,,,,
barindo,time of scarcity; dry season,n.,,,,,,
barisi,to separate fighting animals or people; to deliver from danger,v.,,,,,,
barilim,the state of being poor; poverty,n.,,,,,,
barina,mumps,n.,,,,,,
barinli,mumps,n.,,,,,,
barka,blessing; thanks,n.,Hausa < Arabic,Barka! Congratulations!,,,,
barkamisi,Thursday,p.n.,Hausa < Arabic,,,,,
barsa,to rebuke; to abuse; to insult,v.,,,,,,
barsigu,insult; abuse; rebuke,n.,,,,,,
baruɣu,large antelope; roan antelope,n.,,,,,,
barzahi,state between death and judgment; purgatory,n.,Arabic via Hausa,,,,,
basi,to leave; to let go; to release; to allow,v.,,Basi ma! Leave me alone!,,,,
basi,to hatch eggs; to set a trap,v.,,,,,,
basi,"to melt (of butter, shea butter)",v.,,,,,,
basigili,ground hornbill (bird),n.,,,,,,
basim,leaving; forgiveness; permission,n.,,Chɛ basim! Forgive!,,,,
bata,shoe; sandal,n.,Hausa,,,,,
batakali,shoe-maker; cobbler,n.,Hausa,,,,,
batali,western dialect form of something,n.,WD,,,,,
bawa,slave; servant,n.,,,,,,
bawula,the first daughter (born after the father's death?),n.,,,,,,
baya,behind; after; later,adv.,,O lu baya. He fell behind.,,,,
bayagu,buffalo,n.,,,,,,
bayi,twice; two times,adv.,,O ŋme o bayi. He hit him twice.,,,,
bayigili,type of grass,n.,,,,,,
bayili,second day after tomorrow; two days hence,adv.,,,,,,
bayiri,envy; jealousy,n.,,,,,,
bayisi,to grind; to sharpen; to whet,v.,,O bayisi la aʒɛɣu. He sharpened the knife.,,,,
bayɔbu,six times,adv.,,,,,,
bayɔpɔin,seven times,adv.,,,,,,
bayu,back; behind; later,n.,,O ʒinila bayu. He sat at the back.,,,,
bayuli,having two; second one,n.,,,,,,
be,to be; to exist; to be present; to be at a place,v.,,O be yili. He is at home.,,,,
be,they (3rd person plural pronoun),pron.,,Be kana. They came.,,,,
bee,or; either; otherwise,conj.,,A bee n? You or me?,,,,
bee,to be bad; to be ugly; to be evil,v.,,,,,,
beebu,existence; life,n.,,,,,,
behi,to be difficult; to be hard; to be expensive,v.,,,,,,
behi,enemies; foes,n.,,Behi be ti ni. We have enemies.,,,,
behigu,difficulty; hardship; costliness,n.,,,,,,
behisu,hatred; enmity,n.,,,,,,
bekpiɛlli,large red ant,n.,,,,,,
bela,a few; a little; some; small,a.,,Bela ko ka ti nyɛ. We got only a little.,,,,
bela,bela,little by little; gradually,adv.,,Bela bela ka o wumsiri o. He is training him gradually.,,,
beli,where? (interrogative),int.,,A beli? Where are you?,,,,
beli,to roam; to wander,v.,,,,,,
beligi,to make a detour; to go around; to turn,v.,,,,,,
belim,childhood; childishness,n.,,,,,,
beliŋ,smallness; littleness,n.,,,,,,
beliŋa,small place; corner,n.,,,,,,
bema,cripple; lame person,n.,,,,,,
bema,to be lame; to be crippled,v.,,,,,,
bembɛɣu,evil person; wicked person,n.,,,,,,
bemɛri,crippled person; one who limps,n.,,,,,,
bemɛrim,lameness; limp,n.,,,,,,
bɛna,they are; there are; there exist,v.,,Bɛna ya? Are they there?,,,,
bɛndi,musical instrument; fiddle; lute,n.,Hausa,,,,,
bɛndilana,fiddle player; musician,n.,Hausa,,,,,
bɛni,to be present; to exist; to live,v.,,O bɛni. He is alive.,,,,
bɛni,to stand; to be upright,v.,,,,,,
bɛra,bad; evil; wicked,a.,,Ninsala bɛra. Evil person.,,,,
bɛrim,evil; wickedness; badness,n.,,,,,,
bɛɣu,hatred; enmity; evil,n.,,,,,,
bi,not (negative particle),part.,,N bi mi. I don't know.,,,,
bi,child; son; daughter,n.,,O bia. His/her child.,,,,
bia,child; offspring,n.,,Bia maa kana. The child came.,,,,
biɛɣu,day; daytime,n.,,Biɛɣu kam. Every day.,,,,
biɛɣu,biɛri,bad; evil; ugly,a.,,O nyɛla biɛɣu. He is evil.,,,
biɛla,a little; a few; small,a.,,Biɛla ko ka ti di. We ate only a little.,,,,
biɛlim,seed; grain; pip,n.,,,,,,
bihi,children; offspring,n.pl.,,Bihi maa. The children.,,,,
bihi,to boil; to cook (pito); to brew,v.,,,,,,
bihi,teeth (of a comb); prongs,n.,,,,,,
bihili,tooth (of a comb); prong,n.,,,,,,
bihim,milk; breast milk,n.,,Bihim maa. The milk.,,,,
bihim,to suckle; to nurse,v.,,,,,,
bihiŋ,itch; scabies; rash,n.,,,,,,
bihiŋgu,itchy skin disease; scabies,n.,,,,,,
bihira,boiled pito; brew,n.,,,,,,
bihirigu,small child; infant,n.,,,,,,
bihiva,bad child; naughty child,n.,,,,,,
bihiyu,naughty child; rascal,n.,,,,,,
bika,open place; field; compound,n.,,,,,,
bikɔbgu,mammals; animals with legs,n.,,mɔɣu ni bikɔbgu - wild animal,,,,
bikɔbgu,animal; beast,n.,,,,,,
bila,small; little; young,a.,,Bia bila. Small child.,,,,
bila,bila,little by little; gradually,adv.,,Bila bila ka o zooi. He grew little by little.,,,
bila,small one; youngster,n.,,,,,,
bilchiŋa,noble person; free-born person,n.,,,,,,
bilchiŋsim,nobility; freedom,n.,,,,,,
bili,to be small; to be young; to be little,v.,,,,,,
bili,to encircle; to surround; to go around,v.,,,,,,
biligi,to turn; to twist; to roll,v.,,,,,,
bilim,childhood; childishness,n.,,,,,,
bilim,to roll; to wallow; to writhe,v.,,,,,,
bilim,bilim,rolling about; wallowing,adv.,,,,,
bilimbiŋ,roller (bird); rolling thing,n.,,,,,,
bilko'ɣu,hypocrite; rascal; evil-doer,n.,,,,,,
bilko'ɣinsi,hypocrisy; rascality; villainy,n.,,,,,,
bilinli,sprout; seedling,n.,,,,,,
bilsi,to spring forth (of water); to spout; to challenge a soothsayer,v.,,"Baɣa ni bilsi ma, baŋ n-ti ma. Soothsayer, show me the truth.",,,,
bim,essence of meat; broth; shrub used to poison fish,n.,,,,,,
bimbali,tributary; stream; branch of river,n.,,,,,,
bimbini,sleeping place; bedroom,n.,,,,,,
bimbirli,seed for planting; grain,n.,,,,,,
bimborli,cesspit; latrine; toilet,n.,,,,,,
bimbɔŋ,darkness,n.,,,,,,
bimbuɣiŋu,piece; fragment,n.,,,,,,
bimpahiŋ,breastfeeding child; infant,n.,,,,,,
bin,thing; object; item,n.,,Bin shɛli. Something.,,,,
bina,things; objects; items,n.pl.,,Bina pam. Many things.,,,,
bina,excrement; faeces; shit,n.,,,,,,
binaɣu,piece; portion; part,n.,,,,,,
binamdana,creator; maker,n.,,,,,,
binamda,created things; creatures; all living things,n.,,,,,,
binbiri,seed; grain,n.,,,,,,
binbɔra,need; want; poverty,n.,,,,,,
binbuyisirigu,measuring device; scale,n.,,,,,,
bincherli,rag; tattered cloth,n.,,,,,,
bincherlana,raggedly dressed person,n.,,,,,,
bindi,excrement; faeces; shit,n.,,,,,,
bindirigu,food; edible thing,n.,,Bindirigu viɛlli. Good food.,,,,
bindɔɣu,sleeping mat; bed,n.,,,,,,
bini,thing; object; item,n.,,,,,,
bini,existence; being; living,n.,,,,,,
binjua,elephant (epithet),n.,,,,,,
binjuhi,elephants,n.pl.,,,,,,
binkaai,winged creature; bird; insect,n.,,,,,,
binkɔbgu,animal; mammal,n.,,mɔɣu ni binkɔbgu - wild animal,,,,
binkpiɣu,corpse; carcass; dead body,n.,,,,,,
binnamda,created things; creatures; living things,n.,,,,,,
binnɛɛŋa,insect; crawling creature,n.,,,,,,
binniɛɣu,breather; living thing; creature,n.,,,,,,
binniɛma,living things; creatures,n.pl.,,,,,,
binŋmeɣu,striker; beater; percussion instrument,n.,,,,,,
binpaligu,new thing; novelty,n.,,,,,,
binpalli,new thing; something new,n.,,,,,,
binshɛɣu,something; anything,n.,,Binshɛɣu ka? Is there something?,,,,
binsheli,certain thing; something,n.,,,,,,
binsi,animals; livestock; cattle,n.,,,,,,
bintabiga,important thing; something heavy,n.,,,,,,
bintaɣa,heavy thing; load; burden,n.,,,,,,
bintam,things heaped up; pile of things,n.,,,,,,
binteei,remembrance; reminder; memorial,n.,,,,,,
bintoondana,responsible person; leader; owner,n.,,,,,,
binviela,good thing; something good,n.,,,,,,
binvihira,investigator; researcher; examiner,n.,,,,,,
binwumda,hearing thing; listener; audience,n.,,,,,,
binyɛra,thing that falls; fallen thing,n.,,,,,,
binyɛɣu,bad thing; evil thing,n.,,,,,,
binyirgu,airborne thing; flying thing; airplane,n.,,,,,,
binyɔɣu,dry thing; dried thing,n.,,,,,,
binyuri,beloved thing; favorite thing,n.,,,,,,
bira,beer; native beer; pito,n.,,,,,,
birgim,curvedness; crookedness; turn,n.,,,,,,
birgi,to turn aside; to go astray; to deviate,v.,,,,,,
biriginsim,error; mistake; straying,n.,,,,,,
birigu,dumb person; mute; stammerer,n.,,,,,,
biri,to sow; to plant (seeds),v.,,O biri la kari. He planted maize.,,,,
birigi,to turn aside; to go astray; to default,v.,,,,,,
birim,to be confused; to be perplexed; to be at a loss,v.,,,,,,
birimia,shrub used for making rope,n.,,,,,,
birisi,to doubt; to be undecided; to mislead,v.,,,,,,
birli,seed for planting; string plant,n.,,,,,,
birlim,stammering; stuttering,n.,,O mali birlim. He stammers.,,,,
birni,walled town; fortress; city,n.,Hausa,,,,,
bisariga,youth; adolescent; young person,n.,,,,,,
bisarinsi,youths; adolescents,n.pl.,,,,,,
biskeeti,biscuit; cookie,n.,English,,,,,
biya,child (in compounds),n.,,nabiya - prince,,,,
biyaɣu,bad child; naughty child,n.,,,,,,
biyola,one who minds babies; nursemaid; babysitter,n.,,,,,,
biyolim,babysitting; child-minding; naughtiness,n.,,,,,,
biyura,beloved child; favorite child,n.,,,,,,
biyuri,beloved child; favorite child,n.,,,,,,
biyurgu,beloved child; favorite child,n.,,,,,,
bleedi,razor blade,n.,English,,,,,
blooku,block (for building),n.,English,,,,,
bo,what? (interrogative),int.,,Bo ka a yɛra? What are you saying?,,,,
bo,to be fine; to be good; to be beautiful,v.,,,,,,
bo,to look for; to search; to want; to desire; to need; to request; to court,v.,,O bɔri la liɣiri. He wants money.,,,,
bo,or? (used in alternative questions),conj.,,A ni chaŋ bo? Will you go or not?,,,,
bɔba,so-and-so; a certain person,n.,,,,,,
bɔbigu,thicket; dense bush; forest,n.,,,,,,
bɔbili,porridge (usually maize); gruel,n.,,,,,,
bɔbili,pimple; skin eruption,n.,,,,,,
bɔbini,old homestead; abandoned house site,n.,,,,,,
bɔbira,seeker; searcher; one who looks for something,n.,,,,,,
bɔbiri,roselle plant (Hibiscus sabdariffa); sorrel,n.,,,,,,
bɔbu,search; seeking; desire; request,n.,,,,,,
bɔɣili,sound; noise; voice; cry,n.,,N wum bɔɣili. I heard a sound.,,,,
bɔɣisi,to make sound; to cry out; to bark,v.,,,,,,
bɔɣu,thicket; dense bush; forest,n.,,,,,,
bɔhigu,question; inquiry; problem,n.,,Bɔhigu m-bala. It is a question.,,,,
bɔhira,one who asks; inquisitive person,n.,,,,,,
bɔhiri,questions; inquiries; problems,n.pl.,,,,,,
bɔhi,to ask; to inquire; to question,v.,,Bɔhi ma! Ask me!,,,,
bɔi,to become rotten; to decay; to rot,v.,,,,,,
bɔi,bɔra?,what sort of? what kind of?,int.,,Bɔi n-nyɛ li? What kind is it?,,,
bɔiɣili,broken piece; fragment; shard,n.,,,,,,
bɔiŋ,broken piece; potsherd,n.,,,,,,
bɔla,mush; porridge; T.Z. (staple food),n.,,,,,,
bɔlana,named person; famous person,n.,,,,,,
bɔli,to call; to summon; to name,v.,,Bɔli o na! Call him!,,,,
bɔli,name; appellation; title,n.,,,,,,
bɔlɔ,bottle,n.,English,,,,,
bɔlɔ,stupid person; fool,n.,,,,,,
bɔlɔŋ,bottle,n.,English,,,,,
bɔlɔŋ,trough; basin; large bowl,n.,,,,,,
bɔlɔŋ,tin; metal container,n.,,,,,,
bɔlɔŋ,tub; bucket; pail,n.,,,,,,
bɔmba,pumpkin; squash; cucumber (Cucurbita pepo),n.,,,,,,
bɔmbili,pumpkin plant; squash plant,n.,,,,,,
bɔmbu,pumpkin seeds; squash seeds,n.,,,,,,
bɔŋ,donkey,n.,,,,,,
bɔŋ,group; crowd; herd; flock,n.,,,,,,
bɔŋ,to be stupid; to be foolish; to be ignorant,v.,,,,,,
bɔŋ,stupidity; foolishness; ignorance,n.,,,,,,
bɔŋ,which? (interrogative for class of donkeys),int.,,,,,,
bɔŋa,donkey (female),n.,,,,,,
bɔŋdibga,donkey (male); jackass,n.,,,,,,
bɔŋgu,stupidity; foolishness; idiocy,n.,,,,,,
bɔŋli,stupid person; fool; idiot,n.,,,,,,
bɔŋsim,stupidity; foolishness; ignorance,n.,,,,,,
bɔra,to want; to desire; to need; to love,v.,,N bɔri a. I love you.,,,,
bɔra,needy person; poor person,n.,,,,,,
bɔra,holes; pits; hollows,n.pl.,,,,,,
bɔra,wants; desires; needs,n.pl.,,,,,,
bɔri,to want; to desire; to love,v.,,O bɔri la bindirigu. He wants food.,,,,
bɔri,wants; desires; needs,n.pl.,,,,,,
bɔrim,poverty; need; want,n.,,,,,,
bɔrli,hole; pit; hollow; well,n.,,Bɔrli maa. The hole.,,,,
bɔtɔ,ball (for playing); football,n.,English,,,,,
bɔu,bundle; bunch; load,n.,,,,,,
bɔya,bundles; bunches; loads,n.pl.,,,,,,
bua,to want; to desire; to need; to love,v.,,N bua a. I want you.,,,,
bua,goat,n.,,female: buɣa; male: buɣaa,,,,
buɣisi,to cause to rot; to spoil; to corrupt,v.,,,,,,
buɣli,rottenness; decay; rot,n.,,,,,,
buɣu,god; deity; idol; shrine; fetish,n.,,,,,,
buɣsi,to pound; to beat; to hit; to strike,v.,,,,,,
buɣsi,to tell; to inform; to relate,v.,,,,,,
buɣsim,account; story; narration; telling,n.,,,,,,
buhi,to show; to point out; to indicate; to teach,v.,,Wuhi ma! Show me!,,,,
buhi,to wake someone up; to awaken,v.,,,,,,
buhigu,teaching; instruction; lesson,n.,,,,,,
buhili,sweat; perspiration,n.,,,,,,
bui,to rot; to decay; to spoil,v.,,,,,,
bui,to become soft; to become tender (of food),v.,,,,,,
bui,twice; two times,adv.,,Buyi. Twice.,,,,
buɣili,rottenness; decay; rot,n.,,,,,,
buɣim,fire; heat; fever,n.,,Buɣim maa. The fire.,,,,
buɣimmɔla,small bird that catches grasshoppers in smoke,n.,WD,,,,,
buɣimtitia,firefly,n.,,,,,,
bukaata,need; necessity; use; purpose,n.,Hausa,Di mali bukaata. It is useful.,,,,
bukari,need; necessity; requirement,n.,Hausa,,,,,
buku,book,n.,English,,,,,
bulaa,male goat; billy goat,n.,,,,,,
bulankuliga,snail; slug,n.,,,,,,
buli,to boil; to bubble up; to well up,v.,,,,,,
buli,type; kind; sort,n.,,,,,,
bulibu,boiling; bubbling,n.,,,,,,
buliga,well; spring; pond; pool,n.,,,,,,
bulim,to well up; to spring forth; to bubble,v.,,,,,,
bumbu,value; worth; usefulness; contribution,n.,,,,,,
buna,millet stalks; guinea corn stalks,n.,,,,,,
bunɛ,day after tomorrow,adv.,,,,,,
buni,millet; guinea corn; sorghum,n.,,,,,,
bura,to get drunk; to be intoxicated; to be tipsy,v.,,,,,,
bura,to crumble; to break into pieces,v.,,,,,,
bura,loose soil; crumbling earth,n.,,,,,,
bura,drunkard; intoxicated person,n.,,,,,,
buri,to crumble; to break into pieces; to pulverize,v.,,,,,,
buri,to get drunk; to be intoxicated,v.,,,,,,
buri,to have sexual intercourse; to copulate,v.,,,,,,
buri,to thresh (grain); to beat out (seeds),v.,,,,,,
buri,to pour; to spill; to scatter,v.,,,,,,
buri,drunkard; intoxicated person,n.,,,,,,
buribu,drunkenness; intoxication; threshing,n.,,,,,,
buriga,small grindstone; milling stone,n.,,,,,,
burigi,to slip; to slide; to skid,v.,,,,,,
burigim,slip; slide; skid,n.,,,,,,
buriginsim,error; mistake; slip,n.,,,,,,
buriŋ,to be drunk; to be intoxicated,v.,,,,,,
buriŋ,to crumble; to break into pieces,v.,,,,,,
buriŋu,crumb; fragment; piece,n.,,,,,,
buriŋu,small grindstone; milling stone,n.,,,,,,
burli,crumb; fragment; piece; particle,n.,,,,,,
bursi,to crumble; to break into pieces; to scatter,v.,,,,,,
buta,three times,adv.,,,,,,
butaani,three times,adv.,,,,,,
buɣa,female goats; nanny goats,n.pl.,,,,,,
buɣaa,male goat; billy goat,n.,,,,,,
buɣisi,to ask; to question; to inquire,v.,,,,,,
buɣisigu,question; inquiry; interrogation,n.,,,,,,
buɣra,pounded yam; yam fufu,n.,,,,,,
buɣu,god; deity; shrine; fetish,n.,,,,,,
buɣum,fire; heat; fever,n.,,,,,,
buɣumtia,firefly,n.,,,,,,
buhi,to skin; to peel; to flay,v.,,,,,,
buhi,to hatch (eggs); to incubate,v.,,,,,,
buhi,to show; to point out; to teach,v.,,Wuhi ma! Show me!,,,,
buhigri,kind of cricket or grasshopper,n.,,,,,,
buhigu,teaching; instruction; lesson,n.,,,,,,
buhili,sweat; perspiration,n.,,,,,,
bui,to become rotten; to rot; to decay,v.,,,,,,
bui,to become soft (of food); to be cooked soft,v.,,,,,,
bui,twice; two times,adv.,,,,,,
bui,buyi,twice; two times,adv.,,,,,
bui,buyila,one after another; one by one,adv.,,,,,
buɣili,rottenness; decay; rot,n.,,,,,,
buɣim,fire; heat; fever,n.,,Buɣim maa. The fire.,,,,
buɣimmɔla,small bird (catches insects in smoke),n.,WD,,,,,
buɣimtitia,firefly,n.,,,,,,
bukaata,need; use; purpose; utility,n.,Hausa,Di mali bukaata. It is useful.,,,,
bukari,need; necessity; requirement,n.,Hausa,,,,,
buku,book,n.,English,,,,,
bulaa,male goat; billy goat,n.,,,,,,
bulankuliga,snail; slug,n.,,,,,,
buli,to boil; to bubble up; to gush forth,v.,,,,,,
buli,type; kind; sort; variety,n.,,,,,,
bulibu,boiling; bubbling; gushing,n.,,,,,,
buliga,well; spring; pond; pool,n.,,,,,,
bulim,to well up; to spring forth; to gush,v.,,,,,,
bumbu,value; usefulness; worth; contribution,n.,,O mali bumbu. It is valuable.,,,,
buna,millet stalks; guinea corn stalks,n.,,,,,,
bunɛ,day after tomorrow,adv.,,,,,,
buni,millet; guinea corn; sorghum,n.,,,,,,
bura,to get drunk; to be intoxicated,v.,,,,,,
bura,to crumble; to break into pieces,v.,,,,,,
bura,loose soil; crumbling earth,n.,,,,,,
bura,drunkard; intoxicated person,n.,,,,,,
buri,to crumble; to break into pieces; to pulverize,v.,,,,,,
buri,to get drunk; to be intoxicated,v.,,,,,,
buri,to have sexual intercourse; to copulate,v.,,,,,,
buri,to thresh (grain); to beat out (seeds),v.,,,,,,
buri,to pour; to spill; to scatter,v.,,,,,,
buri,drunkard; intoxicated person,n.,,,,,,
buribu,drunkenness; intoxication; threshing,n.,,,,,,
buriga,small grindstone; milling stone,n.,,,,,,
burigi,to slip; to slide; to skid,v.,,,,,,
burigim,slip; slide; skid,n.,,,,,,
buriginsim,error; mistake; slip,n.,,,,,,
buriŋ,to be drunk; to be intoxicated,v.,,,,,,
buriŋ,to crumble; to break into pieces,v.,,,,,,
buriŋu,crumb; fragment; piece,n.,,,,,,
buriŋu,small grindstone; milling stone,n.,,,,,,
burli,crumb; fragment; piece; particle,n.,,,,,,
bursi,to crumble; to break into pieces; to scatter,v.,,,,,,
a,you (2nd person singular pronoun),pron.,,A zumi. You did steal. O nyaŋ a. He defeated you.,,,,
a,ah! (exclamation of excitement or surprise),excl.,,A! a paaina! You have arrived!,,,,
aa,exclamation of disgust or censure,excl.,,Aa! bozuɣu ka a niŋ lala? Ah! Why have you done this?,,,,
aakai,disapproval,n.,KO,,,,,
aayi,no; wrong; that is not so,excl.,KO,,,,,
abaa,expression showing disapproval,excl.,KO,see abba,,,,
abada,never (used word final in negative sentence),adv.,,"Lala ku niŋ, hali abada. That will never happen.",,,,
abba,exclamation of disgust,excl.,,"Abba, Chel vuri. For goodness' sake! see abaa",,,,
abe,palm nuts,n.,KO,,,,,
abe tia,oil palm,n.,KO,,,,,
abinfuura,balloon,n.,Hausa,KO,,,,
abirima,state of collapse brought on by fear,n.,,{Blair: a'berema},,,,
aboboi,plantain,n.,,,,,,
abuya,friend,n.,Hausa (female friend),KO,,,,
adaka,box,n.,Twi,"{Blair: pl., adakanema}",,,,
adakabila,ballot box; small box,n.,KO,,,,,
adashi,1. pledged amount 2. collected sum of pledges 3. greeting acknowledging kindness,n.,,{Blair: pledge} Man su adashi goli ŋo ni. I received the pledge this month.,,,,
adiini,religion,n.,Arabic via Hausa,KO,,,,
adiko,traveler's bag or cloth,n.,,,,,,
aʒia,1. Muslim priest 2. moths on animals' eyes 3. pig (epithet) 4. eyelid disease 5. recovering from sickness 6. health 7. easy 8. reasonable price,n.,Arabic via Hausa (mu'allifa),O doro maa niŋ afua. He is recovering. O nya afua. He has health. Tuma maa mali afua. The work is easy. Guli daa mali afua. Kola price is reasonable. KO,,,,
afulɔ!,curse expression,excl.,,"Afulɔ! n dag a. The curse be on you. Afulɔ gba, n ku zu. Impossible, I will not steal.",,,,
afɔɣu,rain-free period; fever contracted then,n.,Yoruba,ED saapiriwa. {Blair: leaves of edible shrub} KO,,,,
afuro,velvet cloth; watch; clock; bicycle bell,n.,Yoruba via Hausa,KO <Hausa,,,,
agwamma,county; district commissioner,n.,English,,,,,
ajabga,white calabash,n.,,,,,,
ajabsi,white calabashes,n.pl.,,,,,,
ajara,reward; merit; favor,n.,Arabic via Hausa,,,,,
ajinabi,stranger; foreigner; alien,n.,Arabic via Hausa,,,,,
ajɔɣa,shrub used for brooms; broom grass,n.,,,,,,
ajɔɣsi,brooms; broom grasses,n.pl.,,,,,,
akaasi,sour milk; fermented milk,n.,,,,,,
akabiya,skin disease with white or black patches,n.,,O mali akabiya. He has akabiya.,,,,
akarma,drummer (talking drums),n.,,,,,,
aku,exclamation of amusement or mocking,excl.,,Aku! Gbonalana di o ba yili. The regent has succeeded his father.,,,,
akunta,accountant,n.,English,,,,,
akutaku,see aku,excl.,,,,,,
akpaaku,dock (plant?),n.,KO,,,,,
akpayila,cold; shivering,a.,KO,,,,,
ala,how much? how many?,int.,,,,,,
alaafee,pineapple,n.,,,,,,
alaama,sign; mark; symbol; wonder,n.,Arabic via Hausa,,,,,
alaamu,omen (usually bad unless designated good),n.,,{Usually considered a bad omen},,,,
alaamu sugu,good omen,n.,,,,,,
alaamu bieɣu,bad omen,n.,,,,,,
alaandi,flag; banner; emblem,n.,Arabic via Hausa,,,,,
alaani,well-being; good health; peace,n.,Arabic,,,,,
alaara,shelter; shade; protection,n.,,,,,,
alaasha,corpse; dead body; carcass,n.,Arabic via Hausa,,,,,
alaba,profit; gain; advantage,n.,Hausa,,,,,
alabache,sin; offence (see alahachi),n.,,,,,,
alabara,afterlife; hereafter; the world to come,n.,Arabic via Hausa,,,,,
alabassu,onion (see albasa),n.,Arabic via Hausa,,,,,
alabaɣa,small axe; hatchet,n.,,,,,,
alabaɣsi,small axes; hatchets,n.pl.,,,,,,
aladdua,prayer; supplication (Muslim),n.,Arabic via Hausa,,,,,
aladdua lanima,one who prays; devout person,n.,,,,,,
alafɪa,health; well-being; peace,n.,Hausa < Arabic,,,,,
alagante,orange (fruit); citrus,n.,,,,,,
alaha,cheap price,n.,,,,,,
alahachi,sin; offence against God,n.,,see taali,,,,
alahachilana,sinner,n.,,,,,,
alahaziba,wonder; amazement; unnatural event,n.,,Yalli maa niŋ ma alahaziba. The matter amazes me. Motuka yiyirgu mali alahaziba pam. The aeroplane is wonderful. KO,,,,
alaka,trouble; punishment; persecution,n.,Hausa,O nya alaka pam. He has had much trouble. Be niŋ o alaka. They punished him.,,,,
alali,cowardice,n.,,O niŋ alali. He is cowardly.,,,,
alali,pure; real; lawful; legitimate,a.,,Dolino nyɛla anzina alali. This is real silver. O bi alali. His legitimate child.,,,,
alamihi,Thursday,p.n.,Arabic,dialect Alamsi,,,,
alamiri,Thursday,p.n.,Arabic,,,,,
alampana,bell; gong; handbell,n.,,,,,,
alampanma,bells; gongs,n.pl.,,,,,,
alamsi,Thursday,p.n.,Arabic,,,,,
alanba,bell; gong; handbell,n.,,,,,,
alankaya,1. watermelon 2. gourd; calabash,n.,Hausa,,,,,
alanma,shilling (old coin),n.,English?,,,,,
alanma anini,1 shilling 8 pence (old currency),n.,,,,,,
alansara,victory; success; triumph,n.,Arabic via Hausa,,,,,
alarama,Friday (Muslim holy day),p.n.,Arabic via Hausa,,,,,
alariba,Wednesday,p.n.,Arabic via Hausa,,,,,
alarisi,Tuesday,p.n.,Arabic via Hausa,,,,,
alawa,hallucination; mirage; illusion,n.,Arabic via Hausa,,,,,
alawan,time; period; season; occasion,n.,Hausa,,,,,
alawan shawl,outer garment for women,n.,,,,,,
albaasa,onion (see albasa),n.,Arabic via Hausa,,,,,
albaasi,mischief; trouble; harm; damage,n.,Arabic via Hausa,,,,,
albaata,inner room; bedroom; chamber,n.,Hausa,,,,,
albaɣa,small axe; hatchet,n.,,,,,,
albasa,onion,n.,Arabic via Hausa,,,,,
albasu,onion (see albasa),n.,Arabic via Hausa,,,,,
alberika,blessing; prosperity; abundance,n.,Hausa < Arabic,Naawuni ni ti a alberika. May God give you blessing.,,,,
albica,needle; pin,n.,Hausa,,,,,
albijani,aubergine; garden egg; eggplant,n.,Hausa,,,,,
alibo,foam; froth; lather,n.,,,,,,
alibɔ,bride price; dowry; marriage payment,n.,,,,,,
alibreda,postage stamp,n.,English,,,,,
alibasa,onion (see albasa),n.,Arabic via Hausa,,,,,
alibarika,blessing; prosperity; abundance,n.,Hausa < Arabic,,,,,
alibreda,postage stamp,n.,English,,,,,
alicheba,gown; robe; smock; shirt,n.,Hausa < Arabic?,,,,,
alif,first; primary; number one,num.,,,,,,
alif layi,first line; first thing; primary,n.,,,,,,
alifa,first; primary; beginning,n.,,,,,,
alifanta,handkerchief; headtie; scarf,n.,,,,,,
alifantama,handkerchiefs; headties,n.pl.,,,,,,
alifata,profit; gain; advantage,n.,Hausa < Arabic,,,,,
alifu,the letter 'A'; first; primary,n.,Arabic,,,,,
aligada,mat; sleeping mat (woven),n.,,,,,,
aligadama,mats; sleeping mats,n.pl.,,,,,,
aliganyu,sleeping mat (small),n.,,,,,,
aligisi,match; equal; fellow; companion,n.,,,,,,
aligita,hoe (broad-bladed),n.,,,,,,
aligya,garden egg; aubergine; eggplant,n.,,,,,,
alikaali,judge; magistrate; arbitrator; Muslim scholar,n.,Hausa < Arabic,,,,,
alikama,wheat; grain,n.,Hausa < Arabic,,,,,
alikama la,bulgur wheat; cracked wheat,n.,,,,,,
alikama semolina,,n.,,,,,,
alikuli,agreement; covenant; contract; promise,n.,Hausa < Arabic,Ti niŋ alikuli. We made an agreement.,,,,
alikulilana,one who makes an agreement; party to a contract,n.,,,,,,
alikama,wheat; grain (see alikama),n.,Hausa < Arabic,,,,,
alile,shadow; shade; reflection,n.,,,,,,
alile,spirit; ghost; apparition,n.,,,,,,
alilu,reason; cause; motive; explanation,n.,Arabic via Hausa,,,,,
alizama,Monday,p.n.,Arabic via Hausa,,,,,
aliziba,Tuesday,p.n.,Arabic via Hausa,,,,,
alizimba,Tuesday (see aliziba),p.n.,Arabic via Hausa,,,,,
alkaali,judge; magistrate (see alikaali),n.,Hausa < Arabic,,,,,
alkaama,wheat (see alikama),n.,Hausa < Arabic,,,,,
alkaawa,desire; wish; longing; yearning,n.,Hausa < Arabic,,,,,
alkalami,pen; pencil; writing instrument,n.,Hausa < Arabic,,,,,
alkalilana,writer; scribe; secretary,n.,,,,,,
alkama,wheat (see alikama),n.,Hausa < Arabic,,,,,
alkamisi,Thursday,p.n.,Hausa < Arabic,,,,,
alkasara,loss; damage; waste; disadvantage,n.,Hausa < Arabic,,,,,
alkauli,agreement; covenant; contract; promise,n.,Hausa < Arabic,Ti gbaai alkauli. We made a promise.,,,,
alkawali,agreement; promise (see alkauli),n.,Hausa < Arabic,,,,,
alkuraani,Quran; holy book of Islam,n.,Arabic via Hausa,,,,,
allaa,God (exclamation); oh God!,excl.,Arabic,Allaa! Oh God!,,,,
allahu,God (Arabic),p.n.,Arabic,,,,,
allajigi,thread; string; cord; yarn,n.,,,,,,
allamana,guarantee; security; pledge; pawn,n.,Hausa < Arabic,,,,,
allamani,meaning; significance; sense,n.,Hausa < Arabic,,,,,
allamani,symbol; sign; mark,n.,Hausa < Arabic,,,,,
allamarada,scarf; headtie; turban,n.,,,,,,
allamaradama,scarves; headties,n.pl.,,,,,,
allim,knowledge; learning; scholarship,n.,Arabic,,,,,
allim fa,ignorance; lack of knowledge,n.,,,,,,
allim lana,learned person; scholar,n.,,,,,,
allim nyɛŋa,ignorant person,n.,,,,,,
allim zilinsi,ignorance (lack of knowledge),n.,,,,,,
almajiri,Qur'anic student; itinerant beggar,n.,Hausa < Arabic,,,,,
almajirinsi,Qur'anic studentship; begging,n.,,,,,,
almarada,scarf; headtie (see allamarada),n.,,,,,,
almari,1. bride 2. marriage 3. bridal chamber,n.,Hausa < Arabic?,,,,,
almubarucani,bridesmaid; wedding attendant,n.,,,,,,
almubarucanima,bridesmaids; wedding attendants,n.pl.,,,,,,
alobosia,1. early dry season period (10-20 days) 2. fever during this season 3. noon; zenith,n.,Yoruba,ED saapiriwa. {Blair: edible shrub leaves} KO,,,,
aloomaani,trick; deception; fraud; cunning,n.,Hausa < Arabic,,,,,
aloomaanilana,deceiver; trickster; cunning person,n.,,,,,,
alʊli,pot; cooking pot; earthenware vessel,n.,,,,,,
alʊya,pots (plural),n.pl.,,,,,,
alʊyiga,small pot; cooking pot (diminutive),n.,,,,,,
alʊyiga le,clay pot shard; potsherd,n.,,,,,,
alʊyiga li,potsherd; piece of broken pot,n.,,,,,,
alʊyisi,pots (plural of alʊli),n.pl.,,,,,,
alʊyiya,pots (alternative plural),n.pl.,,,,,,
alʊyili,pots (alternative plural),n.pl.,,,,,,
alʊyima,pots (alternative plural),n.pl.,,,,,,
alʊyinsi,pots (alternative plural),n.pl.,,,,,,
ama,but; however; nevertheless,conj.,Arabic via Hausa,,,,,
ama:,but; however (emphatic),conj.,Arabic via Hausa,,,,,
ama: a,but then; however (with contrast),conj.,Arabic via Hausa,,,,,
ama: ka,but that; however (with clause),conj.,Arabic via Hausa,,,,,
ama: sheli,but the thing is; however,conj.,Arabic via Hausa,,,,,
amaniya,faith; belief; trust; confidence,n.,Hausa < Arabic,,,,,
amara,order; command; instruction,n.,Arabic via Hausa,,,,,
amaralana,commander; leader; one who gives orders,n.,,,,,,
amaria,order; command; instruction (see amara),n.,Arabic via Hausa,,,,,
amariya,order; command; instruction (see amara),n.,Arabic via Hausa,,,,,
amba,"they (3rd person plural pronoun, alternative)",pron.,,,,,,
ambaliya,well; water source; spring,n.,,,,,,
ambaliya,spring water; well water,n.,,,,,,
ambana,metal bowl; enamel basin; plate,n.,Hausa,,,,,
ambanama,metal bowls; enamel basins; plates,n.pl.,,,,,,
ambiliya,spring; well (see ambaliya),n.,,,,,,
ambɔɣu,hole; pit; excavation; ditch,n.,,,,,,
ambɔɣu,burial pit; grave,n.,,,,,,
ambɔɣu,labor; birth; childbirth,n.,,,,,,
ambɔɣu,labour pains; birth pangs,n.,,,,,,
ambulansi,ambulance,n.,English,,,,,
amiliya,wedding; marriage (Islamic ceremony),n.,Hausa < Arabic,Be niŋ amiliya. They performed the wedding.,,,,
amiliya lana,bride; groom; one being married,n.,,,,,,
amiliya niŋbu,wedding ceremony; marriage rites,n.,,,,,,
amintinsi,faithfulness; loyalty; trustworthiness,n.,Hausa < Arabic,,,,,
amir,commander; leader; prince; emir,n.,Arabic via Hausa,,,,,
amira,order; command (see amara),n.,Arabic via Hausa,,,,,
amira niŋdi,one who gives orders; commander,n.,,,,,,
amiri,commander; leader; prince (see amir),n.,Arabic via Hausa,,,,,
amiri ka,order; command (with verbal noun),n.,Arabic via Hausa,,,,,
amirika,America; American,p.n.,English,,,,,
amiya,agreement; consent; permission,n.,Hausa < Arabic,O ti ami. He gave consent.,,,,
amiya ti,to give consent; to agree; to permit,v.,,,,,,
amma,but; however (see ama),conj.,Hausa < Arabic,,,,,
amma:,but; however (see ama),conj.,Hausa < Arabic,,,,,
amma: a,but then; however (see ama a),conj.,Hausa < Arabic,,,,,
amma: ka,but that; however (see ama ka),conj.,Hausa < Arabic,,,,,
amma: sheli,but the thing is (see ama sheli),conj.,Hausa < Arabic,,,,,
ammarada,scarf; headtie (see allamarada),n.,,,,,,
ammaradama,scarves; headties (see allamaradama),n.pl.,,,,,,
ammaru,affair; matter; situation; condition,n.,Hausa < Arabic,,,,,
ammu,but; however (colloquial),conj.,Hausa < Arabic,,,,,
amr,order; command (Arabic form),n.,Arabic,,,,,
amr lana,commander; one who gives orders (see amiralana),n.,,,,,,
amr niŋda,one who gives orders; commander (see amira niŋdi),n.,,,,,,
amr nyɛŋa,one who receives orders; subordinate,n.,,,,,,
amsi,answer; reply; response,n.,Hausa < Arabic,,,,,
amsilana,one who answers; respondent; defendant,n.,,,,,,
amunia,safety; security; peace,n.,Hausa < Arabic,,,,,
anabi,prophet; messenger of God,n.,Hausa < Arabic,,,,,
anabinima,prophets (plural),n.pl.,Hausa < Arabic,,,,,
anabili,prophethood; prophetic mission,n.,Hausa < Arabic,,,,,
anabitali,prophethood; prophetic office (see anabili),n.,Hausa < Arabic,,,,,
anaasara,Christians; Europeans; white people,n.,Hausa < Arabic (Nazarene),,,,,
anaasara,Christianity; European culture,n.,Hausa < Arabic,,,,,
anaasara tili,Christianity; European religion,n.,Hausa < Arabic,,,,,
anaasara,white man; European; Christian,n.,Hausa < Arabic,,,,,
anaasara,Christian woman; European woman,n.,Hausa < Arabic,,,,,
anaasara,Europeans; white people (plural),n.pl.,Hausa < Arabic,,,,,
anashaara,Europeans; white people (see anaasara),n.,Hausa < Arabic,,,,,
anashaara,Christian; European (see anaasara),n.,Hausa < Arabic,,,,,
anashaara tili,Christianity (see anaasara tili),n.,Hausa < Arabic,,,,,
anashaara paɣa,Christian woman; European woman (see anaasara paɣa),n.,Hausa < Arabic,,,,,
anashaariba,"Europeans; white people (plural, see anaasariba)",n.pl.,Hausa < Arabic,,,,,
anda,plenty; many; numerous; much,a.,,,,,,
anda anda,plenty and plenty; in abundance,adv.,,,,,,
andunia,world; earth; universe,n.,Hausa < Arabic,,,,,
andunia,affairs of the world; worldly matters,n.,Hausa < Arabic,,,,,
andunia,person of the world; worldly person,n.,Hausa < Arabic,,,,,
andunia,people of the world; humanity,n.pl.,Hausa < Arabic,,,,,
andunia,worldwide; throughout the world,adv.,Hausa < Arabic,,,,,
andunia zaa,the whole world; everyone,n.,Hausa < Arabic,,,,,
andunia zuɣu,on earth; in the world,adv.,Hausa < Arabic,,,,,
ane,exclamation of surprise or wonder,excl.,,,,,,
anfaani,benefit; profit; advantage; use,n.,Hausa < Arabic,Di mali anfaani. It is useful.,,,,
anfaani lana,profitable thing; something useful,n.,,,,,,
anfaani ka,useless; having no benefit,n.,,,,,,
anfaani mali,useful; beneficial,a.,,,,,,
anfaani tia,useful tree; tree with benefits,n.,,,,,,
anga,only; alone; single (see yino gana),a.,,O bia anga. His only child.,,,,
anga anga,one by one; singly; individually,adv.,,,,,,
anga li,the only one; the sole thing,n.,,,,,,
anga maa,that only one; that single one,n.,,,,,,
anga ŋo,this only one; this single one,n.,,,,,,
anga zaa,all only; just this and nothing else,n.,,,,,,
anga zuɣu,alone; by oneself; on one's own,adv.,,,,,,
angila,English; England; English language,p.n.,English,,,,,
angila tili,English language,n.,English,,,,,
angila,English person; Englishman,n.,English,,,,,
angilaba,English people; Englishmen (plural),n.pl.,English,,,,,
angilansi,English language (see angila tili),n.,English,,,,,
ani,which? (interrogative for things),int.,,Ani ka a bɔra? Which one do you want?,,,,
ania,intention; purpose; will; effort,n.,Hausa < Arabic,O mali ania. He has intention.,,,,
ania lana,one with intention; purposeful person,n.,,,,,,
ania niŋ,to intend; to purpose; to have intention,v.,,,,,,
anii,eight,num.,,,,,,
anii da,eight times; eightfold,adv.,,,,,,
anii,eight hundred,num.,,,,,,
anii,eight thousand,num.,,,,,,
anii le,eighteen,num.,,,,,,
anii le da,eighteen times; eighteenfold,adv.,,,,,,
anii le,one hundred and eighty,num.,,,,,,
anii le,one thousand eight hundred,num.,,,,,,
anii le,one hundred and eight,num.,,,,,,
anii le,one thousand and eighty,num.,,,,,,
anii le,eighteenth,n.,,,,,,
aniya,intention; purpose; will (see ania),n.,Hausa < Arabic,,,,,
anjɔŋa,large calabash; bowl,n.,,,,,,
anjɔŋsi,large calabashes; bowls,n.pl.,,,,,,
ankaɣu,large calabash (see anjɔŋa),n.,,,,,,
ankaɣsi,large calabashes (see anjɔŋsi),n.pl.,,,,,,
ankara,white man; European (see anaasara),n.,Hausa < Arabic?,,,,,
ankaraba,white people; Europeans (plural),n.pl.,Hausa < Arabic?,,,,,
ankarfu,iron; metal; steel,n.,Hausa < Arabic?,,,,,
ankarfu tia,ironwood tree; very hard wood,n.,,,,,,
ankɔɣu,large calabash (see ankaɣu),n.,,,,,,
ankɔɣsi,large calabashes (see ankaɣsi),n.pl.,,,,,,
ankulima,story; tale; narrative; history,n.,Hausa < Arabic?,,,,,
ankulima lana,storyteller; narrator,n.,,,,,,
ankulima,storytelling; narration,n.,,,,,,
ankulima,telling stories; narrating,v.,,,,,,
annaabi,prophet (see anabi),n.,Hausa < Arabic,,,,,
annaabiba,"prophets (plural, see anabinima)",n.pl.,Hausa < Arabic,,,,,
annaabili,prophethood (see anabili),n.,Hausa < Arabic,,,,,
annabi,prophet (see anabi),n.,Hausa < Arabic,,,,,
annabiba,"prophets (plural, see anabinima)",n.pl.,Hausa < Arabic,,,,,
annabili,prophethood (see anabili),n.,Hausa < Arabic,,,,,
annabitali,prophethood (see anabitali),n.,Hausa < Arabic,,,,,
annasara,Christians; Europeans (see anaasara),n.,Hausa < Arabic,,,,,
annasara tili,Christianity (see anaasara tili),n.,Hausa < Arabic,,,,,
annasara,Christian; European (see anaasara),n.,Hausa < Arabic,,,,,
annasaraba,"Christians; Europeans (plural, see anaasariba)",n.pl.,Hausa < Arabic,,,,,
ansarsi,tongs; forceps; pliers,n.,Hausa?,,,,,
anta,up to; until; as far as,prep.,Hausa,,,,,
anti,up to; until; as far as (see anta),prep.,Hausa,,,,,
anti sheli,until such time as; up to the point that,conj.,Hausa,,,,,
anti zii,up to that place; as far as there,adv.,Hausa,,,,,
antini,antimony; kohl; eye cosmetic,n.,Arabic via Hausa,,,,,
anu,five,num.,,,,,,
anu da,five times; fivefold,adv.,,,,,,
anu le,fifteen,num.,,,,,,
anu le da,fifteen times; fifteenfold,adv.,,,,,,
anu le,one hundred and fifty,num.,,,,,,
anu le,one thousand five hundred,num.,,,,,,
anu le,one hundred and five,num.,,,,,,
anu le,one thousand and fifty,num.,,,,,,
anu le,fifteenth,n.,,,,,,
anza,price; cost; value; worth,n.,,,,,,
anza ga,to bargain; to haggle; to discuss price,v.,,,,,,
anza ŋma,discuss price; bargain over price,v.,,,,,,
anza lana,price setter; one who sets price,n.,,,,,,
anza tali,value; worth; precious thing,n.,,,,,,
anzana,precious things; valuables; wealth,n.pl.,,,,,,
anzana,rich person; wealthy person,n.,,,,,,
anzana,riches; wealth; affluence,n.,,,,,,
anzana,rich; wealthy,a.,,,,,,
anzana tali,richness; wealth; affluence,n.,,,,,,
anzana,wealthy person; rich person,n.,,,,,,
anzana,wealthy people; rich people (plural),n.pl.,,,,,,
anzara,price; cost (see anza),n.,,,,,,
anzara ga,to bargain (see anza ga),v.,,,,,,
anzara ŋma,discuss price (see anza ŋma),v.,,,,,,
anzara lana,price setter (see anza lana),n.,,,,,,
anzara tali,value; worth (see anza tali),n.,,,,,,
anzariba,price setters (plural),n.pl.,,,,,,
anzaru,price; cost (see anza),n.,,,,,,
anzaruma,prices; costs (plural),n.pl.,,,,,,
anzina,silver; money; wealth,n.,Hausa < Arabic?,,,,,
anzina tali,silver; silverware; wealth,n.,,,,,,
anzina,white metal; silver-colored metal,n.,,,,,,
anzina lana,rich person; wealthy person,n.,,,,,,
anzina nima,wealthy people; rich people (plural),n.pl.,,,,,,
anzina,rich; wealthy,a.,,,,,,
anzina lim,richness; wealth,n.,,,,,,
anzina zim,riches; wealth,n.,,,,,,
anzina,precious; valuable; made of silver,a.,,,,,,
apɔli,bat (flying mammal),n.,,,,,,
apɔya,bats (plural),n.pl.,,,,,,
apɔyini,"bat (diminutive, small bat)",n.,,,,,,
apɔyinsi,bats (diminutive plural),n.pl.,,,,,,
apɔyu,bat (see apɔli),n.,,,,,,
arabi,Arab; Arabic; Arabian,p.n.,Arabic,,,,,
arabi tili,Arabic language,n.,Arabic,,,,,
arabu,Arab; Arabic (see arabi),p.n.,Arabic,,,,,
arabulana,Arab; Arabic person,n.,Arabic,,,,,
arabulanima,Arabs; Arabic people (plural),n.pl.,Arabic,,,,,
arahuba,Thursday (Islamic day),p.n.,Arabic via Hausa,,,,,
aralumi,knowledge; learning; science,n.,Arabic via Hausa,,,,,
aralumilana,learned person; scholar; scientist,n.,Arabic via Hausa,,,,,
aralumilim,scholarship; learning; erudition,n.,Arabic via Hausa,,,,,
aralumitali,scholarship; learning (see aralumilim),n.,Arabic via Hausa,,,,,
arame,compassion; mercy; pity,n.,Arabic via Hausa,,,,,
arame lana,compassionate person; merciful person,n.,Arabic via Hausa,,,,,
arame zo,to have compassion; to show mercy,v.,Arabic via Hausa,,,,,
aramika,profit; gain; benefit (see anfaani),n.,Hausa < Arabic?,,,,,
aranka,orange (fruit); citrus (see alagante),n.,,,,,,
aranka leemu,orange (citrus fruit),n.,,,,,,
aranka tia,orange tree; citrus tree,n.,,,,,,
aranka nima,oranges (plural),n.pl.,,,,,,
aranka,orange juice,n.,,,,,,
aranka bili,small orange; tangerine; mandarin,n.,,,,,,
aranka bila,small oranges; tangerines,n.pl.,,,,,,
aranka,orange color; orange-colored,a.,,,,,,
aranka gballi,orange peel; orange rind,n.,,,,,,
aranka kɔhira,orange seller,n.,,,,,,
aranka kɔhiriba,orange sellers (plural),n.pl.,,,,,,
aranyanya,sandal; shoe (type),n.,,,,,,
aranyansi,sandals; shoes (plural),n.pl.,,,,,,
arasichi,earth; land; ground; soil,n.,Arabic via Hausa,,,,,
arasichilana,landowner; property owner,n.,Arabic via Hausa,,,,,
arasichitali,landownership; landholding,n.,Arabic via Hausa,,,,,
arawa,profit; gain; benefit (see anfaani),n.,Hausa < Arabic?,,,,,
arawa ŋma,discuss price; bargain (see anza ŋma),v.,,,,,,
arawa mali,profitable; beneficial,a.,Hausa < Arabic?,,,,,
arawa ka,unprofitable; without benefit,n.,Hausa < Arabic?,,,,,
arawa lana,profitable thing; something beneficial,n.,Hausa < Arabic?,,,,,
arawa tali,profitability; benefit,n.,Hausa < Arabic?,,,,,
araziki,wealth; riches; prosperity; fortune,n.,Hausa < Arabic,,,,,
arazikilana,wealthy person; prosperous person,n.,Hausa < Arabic,,,,,
arazikitali,wealth; prosperity; fortune,n.,Hausa < Arabic,,,,,
arba,Wednesday (see alariba),p.n.,Arabic via Hausa,,,,,
arba misi,Wednesday (alternative form),p.n.,Arabic via Hausa,,,,,
ariba,Wednesday (see alariba),p.n.,Arabic via Hausa,,,,,
aribamisi,Wednesday (see alariba),p.n.,Arabic via Hausa,,,,,
arisichi,earth; land (see arasichi),n.,Arabic via Hausa,,,,,
arisichilana,landowner (see arasichilana),n.,Arabic via Hausa,,,,,
arisichitali,landownership (see arasichitali),n.,Arabic via Hausa,,,,,
arizaki,wealth; riches (see araziki),n.,Hausa < Arabic,,,,,
arizakilana,wealthy person (see arazikilana),n.,Hausa < Arabic,,,,,
arizakitali,wealth (see arazikitali),n.,Hausa < Arabic,,,,,
arli,ground squirrel; rodent,n.,,,,,,
arla,ground squirrels; rodents (plural),n.pl.,,,,,,
arliga,small ground squirrel (diminutive),n.,,,,,,
arlinsi,small ground squirrels (diminutive plural),n.pl.,,,,,,
armaanu,hope; expectation; desire; wish,n.,Hausa < Persian via Arabic,,,,,
armaanu lana,hopeful person; one with expectations,n.,Hausa < Persian via Arabic,,,,,
armaanu niŋ,to hope; to expect; to wish,v.,Hausa < Persian via Arabic,,,,,
armaanu,desire; wish; longing,n.,Hausa < Persian via Arabic,,,,,
armaanu, wish fulfillment; achieving one's hope,n.,Hausa < Persian via Arabic,,,,,
armaanu,unfulfilled hope; disappointment,n.,Hausa < Persian via Arabic,,,,,
arza,profit; gain; benefit (see anfaani),n.,Hausa < Arabic?,,,,,
arza mali,profitable; beneficial (see anfaani mali),a.,Hausa < Arabic?,,,,,
arza tali,profitability; benefit (see anfaani tali),n.,Hausa < Arabic?,,,,,
arza lana,profitable thing (see anfaani lana),n.,Hausa < Arabic?,,,,,
arza ka,unprofitable (see anfaani ka),n.,Hausa < Arabic?,,,,,
arza ga,to bargain; to discuss price (see anza ga),v.,,,,,,
arza ŋma,discuss price (see anza ŋma),v.,,,,,,
asaa,now; at present; currently,adv.,,,,,,
asaa sheli,nowadays; these days; currently,adv.,,,,,,
asaba,so-and-so; a certain person (see bɔba),n.,,,,,,
asabayili,so-and-so's house; a certain house,n.,,,,,,
asabihi,morning (see asiba),n.,Arabic via Hausa,,,,,
asabihi,early morning; dawn (see asibasi),n.,Arabic via Hausa,,,,,
asabihi,good morning (greeting),excl.,Arabic via Hausa,,,,,
asabihi,reply to good morning (see asibiri),excl.,Arabic via Hausa,,,,,
asadu,Sunday (see alahari),p.n.,Arabic via Hausa,,,,,
asafu,"soup; broth (thin, without meat)",n.,,,,,,
asafu la,thin soup; watery broth,n.,,,,,,
asafu,soup ingredients; broth materials,n.,,,,,,
asafu,prepare soup; cook broth,v.,,,,,,
asafu,eat soup; consume broth,v.,,,,,,
asafu,soup pot; cooking pot for broth,n.,,,,,,
asafu,soup spoon; ladle for soup,n.,,,,,,
asafu,soup bowl; container for broth,n.,,,,,,
asafu lana,soup seller; one who sells broth,n.,,,,,,
asafu nima,soup sellers (plural),n.pl.,,,,,,
asafu daa,soup market; place where broth is sold,n.,,,,,,
asafu daa,soup market day; day when broth is sold,n.,,,,,,
asafu daa,soup buyer; one who buys broth,n.,,,,,,
asafu daa,soup buyers (plural),n.pl.,,,,,,
asafu daa,soup purchase; buying of broth,n.,,,,,,
asafu daa,soup price; cost of broth,n.,,,,,,
asafu daa,soup trading; broth business,n.,,,,,,
asibiti,hospital; clinic; dispensary,n.,English,,,,,
asibri,Saturday (see asibiri),p.n.,Arabic,,,,,
asibri,reply to good morning greeting,excl.,Arabic,,,,,
asibri  yina,good morning (morning greeting),good morning reply (I've come from morning prayer),excl.,Arabic,,,,
asibri,early morning; dawn,excl.,Arabic,,,,,
asibsi,early in the morning,n.,,,,,,
asibsi   kuŋ,adv.,,,,,,,
asibsi   la,early morning; before dawn,n.,,,,,,
asibsi   ŋo,early morning; at dawn,adv.,,,,,,
asibsi   zaa,this morning,adv.,,,,,,
asibsi,every morning,all morning; throughout the morning,adv.,,,,,
asibsi,morning (see asibsi),adv.,,,,,,
asiba,good morning (greeting),n.,Arabic via Hausa,,,,,
asiba,reply to good morning (see asibri),excl.,Arabic via Hausa,,,,,
asiba,early morning (see asibsi),excl.,Arabic via Hausa,,,,,
asiba   kuŋ,n.,Arabic via Hausa,,,,,,
asiba   la,early morning; before dawn (see asibsi kuŋ),n.,Arabic via Hausa,,,,,
asiba   ŋo,in the morning; during morning,adv.,Arabic via Hausa,,,,,
asiba   zaa,this morning (see asibsi ŋo),adv.,Arabic via Hausa,,,,,
asiba,every morning (see asibsi kam),all morning (see asibsi zaa),adv.,Arabic via Hausa,,,,
asiba,Saturday,adv.,Arabic via Hausa,,,,,
asibiri,reply to good morning greeting,p.n.,Arabic,,,,,
asibiri   yina,good morning (greeting),excl.,Arabic,,,,,
asibiri,early morning; dawn (see asibsi),good morning reply (see asibri yina),excl.,Arabic,,,,
asibiri   kuŋ,excl.,Arabic,,,,,,
asibiri   la,n.,Arabic,,,,,,
asibiri   ŋo,early morning (see asibsi kuŋ),n.,Arabic,,,,,
asibiri   zaa,in the morning (see asiba la),adv.,Arabic,,,,,
asibiri,every morning (see asibsi kam),this morning (see asibsi ŋo),adv.,Arabic,,,,
asibiri   lana,all morning (see asibsi zaa),adv.,Arabic,,,,,
asibiri   dali,adv.,Arabic,,,,,,
asibiri,Sunday (see alahari),Saturday person; one born on Saturday,n.,Arabic,,,,
asibiri,morning (see asiba),Saturday day; on Saturday,adv.,Arabic,,,,
asibiri,good morning (greeting),p.n.,Arabic,,,,,
asuba,reply to good morning (see asibri),n.,Arabic via Hausa,,,,,
asuba,early morning; dawn (see asibsi),excl.,Arabic via Hausa,,,,,
asuba   kuŋ,excl.,Arabic via Hausa,,,,,,
asuba   la,n.,Arabic via Hausa,,,,,,
asuba   ŋo,early morning; before dawn (see asibsi kuŋ),n.,Arabic via Hausa,,,,,
asuba   zaa,in the morning (see asiba la),adv.,Arabic via Hausa,,,,,
asuba,every morning (see asibsi kam),this morning (see asibsi ŋo),adv.,Arabic via Hausa,,,,
asuba   lana,all morning (see asibsi zaa),adv.,Arabic via Hausa,,,,,
asuba   dali,adv.,Arabic via Hausa,,,,,,
asuba,three,morning person (see asibsi lana),n.,Arabic via Hausa,,,,
asuba,three times; thrice; threefold,morning day (see asibsi dali),adv.,Arabic via Hausa,,,,
ata,three hundred,num.,,,,,,
ata da,three thousand,adv.,,,,,,
ata,thirteen,num.,,,,,,
ata,thirteen times; thirteenfold,num.,,,,,,
ata le,one hundred and thirty,num.,,,,,,
ata le da,one thousand three hundred,adv.,,,,,,
ata le,one hundred and three,num.,,,,,,
ata le,one thousand and thirty,num.,,,,,,
ata le,thirteenth,num.,,,,,,
ata le,really; truly; in fact (explaining facts),num.,,,,,,
ata le,Tuesday,n.,,,,,,
ataa,1. farm produce 2. rich soil,adv.,,"Ataadee, o daa ka n yin' na, yug. Of a truth, he came to my house at night.",,,,
atalata,Monday,p.n.,Arabic,,,,,
atam,three (see ata),n.,,O kohi i puu atam n-da nahu. He sold his farm produce and bought a cow. Palo maa mali atam. The field has rich soil.,,,,
atani,three times (see ata da),p.n.,Arabic,,,,,
ati,three hundred (see ata kobga),num.,,,,,,
ati da,three thousand (see ata tusi),adv.,,,,,,
ati,thirteen (see ata le),num.,,,,,,
ati,thirteen times (see ata le da),num.,,,,,,
ati le,one hundred and thirty (see ata le pia),num.,,,,,,
ati le da,one thousand three hundred (see ata le kobga),adv.,,,,,,
ati le,one hundred and three (see ata le ata),num.,,,,,,
ati le,one thousand and thirty (see ata le pia),num.,,,,,,
ati le,thirteenth (see ata le n),num.,,,,,,
ati le,three (see ata),num.,,,,,,
ati le,three times (see ata da),n.,,,,,,
ato,three hundred (see ata kobga),num.,,,,,,
ato da,three thousand (see ata tusi),adv.,,,,,,
ato,thirteen (see ata le),num.,,,,,,
ato,thirteen times (see ata le da),num.,,,,,,
ato le,one hundred and thirty (see ata le pia),num.,,,,,,
ato le da,one thousand three hundred (see ata le kobga),adv.,,,,,,
ato le,one hundred and three (see ata le ata),num.,,,,,,
ato le,one thousand and thirty (see ata le pia),num.,,,,,,
ato le,thirteenth (see ata le n),num.,,,,,,
ato le,three (see ata),num.,,,,,,
ato le,three times (see ata da),n.,,,,,,
atu,three hundred (see ata kobga),num.,,,,,,
atu da,three thousand (see ata tusi),adv.,,,,,,
atu,thirteen (see ata le),num.,,,,,,
atu,thirteen times (see ata le da),num.,,,,,,
atu le,one hundred and thirty (see ata le pia),num.,,,,,,
atu le da,one thousand three hundred (see ata le kobga),adv.,,,,,,
atu le,one hundred and three (see ata le ata),num.,,,,,,
atu le,one thousand and thirty (see ata le pia),num.,,,,,,
atu le,thirteenth (see ata le n),num.,,,,,,
atu le,eight (see anii),num.,,,,,,
atu le,eight times (see anii da),n.,,,,,,
awuba,eight hundred (see anii kobga),num.,,,,,,
awuba da,eight thousand (see anii tusi),adv.,,,,,,
awuba,eighteen (see anii le),num.,,,,,,
awuba,eighteen times (see anii le da),num.,,,,,,
awuba le,one hundred and eighty (see anii le pia),num.,,,,,,
awuba le da,one thousand eight hundred (see anii le kobga),adv.,,,,,,
awuba le,one hundred and eight (see anii le anii),num.,,,,,,
awuba le,one thousand and eighty (see anii le pia),num.,,,,,,
awuba le,eighteenth (see anii le n),num.,,,,,,
awuba le,six,num.,,,,,,
awuba le,six times; sixfold,n.,,,,,,
ayi,six hundred,num.,,,,,,
ayi da,six thousand,adv.,,,,,,
ayi,sixteen,num.,,,,,,
ayi,sixteen times; sixteenfold,num.,,,,,,
ayi le,one hundred and sixty,num.,,,,,,
ayi le da,one thousand six hundred,adv.,,,,,,
ayi le,one hundred and six,num.,,,,,,
ayi le,one thousand and sixty,num.,,,,,,
ayi le,sixteenth,num.,,,,,,
ayi le,small seeds imported from Nigeria for medicine,num.,,,,,,
ayi le,small seeds imported from Nigeria (plural),n.,,,,,,
ayihali,small seeds (alternative plural),n.,,,,,,
ayigali,medicinal seeds from Nigeria,n.pl.,,,,,,
ayigalinima,medicinal seeds (plural),n.pl.,,,,,,
ayigali,seldom used in plural form,n.,,,,,,
ayigalinima,Nigeria (source country),n.pl.,,,,,,
ayigali,imported seeds,n.,,,,,,
ayigali,medicinal purposes,n.,Ma Nigeria,,,,,
ayigali,small seeds,n.,,,,,,
ayigali,(seldom used in plural form),n.,,,,,,
ayigali,medicinal seeds (from Nigeria),n.,,,,,,
ayigali,small seeds for medicine,n.,,,,,,
ayigali,medicinal seeds (plural),n.,Ma Nigeria,,,,,
ayigali,six (see ayi),n.,Ma Nigeria,,,,,
ayigalinima,six times (see ayi da),n.pl.,Ma Nigeria,,,,,
ayiobu,six hundred (see ayi kobga),num.,,,,,,
ayiobu da,six thousand (see ayi tusi),adv.,,,,,,
ayiobu,sixteen (see ayi le),num.,,,,,,
ayiobu,sixteen times (see ayi le da),num.,,,,,,
ayiobu le,one hundred and sixty (see ayi le pia),num.,,,,,,
ayiobu le da,one thousand six hundred (see ayi le kobga),adv.,,,,,,
ayiobu le,one hundred and six (see ayi le ayi),num.,,,,,,
ayiobu le,one thousand and sixty (see ayi le pia),num.,,,,,,
ayiobu le,sixteenth (see ayi le n),num.,,,,,,
ayiobu le,seven,num.,,,,,,
ayiobu le,seven times; sevenfold,n.,,,,,,
ayopɔin,seven hundred,num.,,,,,,
ayopɔin da,seven thousand,adv.,,,,,,
ayopɔin,seventeen,num.,,,,,,
ayopɔin,seventeen times; seventeenfold,num.,,,,,,
ayopɔin le,one hundred and seventy,num.,,,,,,
ayopɔin le da,one thousand seven hundred,adv.,,,,,,
ayopɔin le,one hundred and seven,num.,,,,,,
ayopɔin le,one thousand and seventy,num.,,,,,,
ayopɔin le,seventeenth,num.,,,,,,
ayopɔin le,1. trouble 2. woe,num.,,,,,,
ayopɔin le,1. fate 2. beginning (when preceded by 'tum'),n.,,,,,,
azaaba,treasure; riches,n.,,,,,,
azali,wealthy person,n.,,"O d-azali doro, his fated sickness. Tum azali, nayiya nye o. He was a thief from the beginning.",,,,
azichi,wealthy person (plural),n.,Hausa,,,,,
azichilana,wealthy persons (alternative plural),n.,,,,,,
azichini,food (see zuri),n.pl.,,,,,,
azichinima,pilgrimage to Mecca,n.pl.,,,,,,
azua,1. female pilgrim to Mecca 2. belongings,n.,,,,,,
aʒi,1. female pilgrims 2. belongings (plural),p.n.,,,,,,
aʒia,belongings; possessions,n.,,O d-aʒia be n sani. His belongings are with me.,,,,
aʒianima,belongings; possessions (plural),n.pl.,,,,,,
aʒia,Mecca pilgrim (female),n.,,,,,,
aʒianima,Mecca pilgrims (female plural),n.pl.,,,,,,
aʒia,,n.,,,,,,
aʒianima,,n.pl.,,,,,,
